{
  "benchmark_host_class": "linux_native",
  "blockers": [
    "train_signal_too_weak",
    "shared_train_scaling_too_weak"
  ],
  "shared_train_scaling_ratio_64_vs_16": 0.9533903125202039,
  "train_16_pipe_sps": 49.444580206326485,
  "train_16_shared_sps": 50.74368807006969,
  "train_64_pipe_sps": 48.148701261055905,
  "train_64_shared_sps": 48.37854062755148,
  "train_64_speedup_vs_pipe": 1.0047735320055553,
  "transport_64_pipe_env_steps_per_second": 7793.1247603568945,
  "transport_64_shared_env_steps_per_second": 10906.451565240754,
  "transport_64_speedup_vs_pipe": 1.3994965948346092,
  "wc_p2_03_unblocked": false
}
