{
  "benchmark_host_class": "linux_native",
  "blockers": [],
  "learner_ceiling_16_sps": 81.63602284122744,
  "learner_ceiling_64_sps": 73.38622938997233,
  "learner_ceiling_scaling_ratio_64_vs_16": 0.898944201785773,
  "next_move": "continue_trainer_redesign",
  "prototype_16_sps": 469.9215036030257,
  "prototype_64_sps": 341.4324309950851,
  "prototype_scaling_ratio_64_vs_16": 0.726573328475549
}
